{
    "beachBiomeLocation": "biomesoplenty:gravel_beach",
    "generators": {
        "glowshrooms": {
            "with": {
                "block": "biomesoplenty:mushroom",
                "properties": {
                    "variant": "glowshroom"
                }
            },
            "generationAttempts": 64,
            "amountPerChunk": 0.7,
            "enable": true
        },
        "leaf_piles": {
            "with": {
                "block": "biomesoplenty:plant_0",
                "properties": {
                    "variant": "leafpile"
                }
            },
            "generationAttempts": 64,
            "amountPerChunk": 0.3,
            "enable": true
        },
        "flowers": {
            "amountPerChunk": 0.1,
            "enable": true,
            "generators": {}
        },
        "miners_delight": {
            "with": {
                "block": "biomesoplenty:flower_1",
                "properties": {
                    "variant": "miners_delight"
                }
            },
            "generationAttempts": 64,
            "amountPerChunk": 0.25,
            "enable": true
        },
        "dead_leaf_piles": {
            "with": {
                "block": "biomesoplenty:plant_0",
                "properties": {
                    "variant": "deadleafpile"
                }
            },
            "generationAttempts": 32,
            "amountPerChunk": 0.1,
            "enable": true
        },
        "amber": {
            "minHeight": 4,
            "with": {
                "block": "biomesoplenty:gem_ore",
                "properties": {
                    "variant": "amber"
                }
            },
            "amountPerChunk": 12.0,
            "maxHeight": 32,
            "enable": true
        },
        "roots": {
            "with": {
                "block": "biomesoplenty:plant_1",
                "properties": {
                    "variant": "root"
                }
            },
            "generationAttempts": 32,
            "amountPerChunk": 4.0,
            "enable": true
        },
        "toadstools": {
            "with": {
                "block": "biomesoplenty:mushroom",
                "properties": {
                    "variant": "toadstool"
                }
            },
            "generationAttempts": 16,
            "amountPerChunk": 0.2,
            "enable": true
        },
        "poison_ivy": {
            "with": {
                "block": "biomesoplenty:plant_0",
                "properties": {
                    "variant": "poisonivy"
                }
            },
            "generationAttempts": 16,
            "amountPerChunk": 0.1,
            "enable": true
        },
        "flax": {
            "with": {
                "block": "biomesoplenty:double_plant",
                "properties": {
                    "half": "lower",
                    "variant": "flax"
                }
            },
            "generationAttempts": 32,
            "amountPerChunk": 0.1,
            "enable": true,
            "withTop": {
                "block": "biomesoplenty:double_plant",
                "properties": {
                    "half": "upper",
                    "variant": "flax"
                }
            }
        },
        "grass": {
            "amountPerChunk": 0.2,
            "enable": true,
            "generators": {}
        },
        "berry_bushes": {
            "with": {
                "block": "biomesoplenty:plant_0",
                "properties": {
                    "variant": "berrybush"
                }
            },
            "generationAttempts": 32,
            "amountPerChunk": 0.1,
            "enable": true
        },
        "blue_milk_caps": {
            "with": {
                "block": "biomesoplenty:mushroom",
                "properties": {
                    "variant": "blue_milk_cap"
                }
            },
            "generationAttempts": 16,
            "amountPerChunk": 0.1,
            "enable": true
        },
        "sprouts": {
            "with": {
                "block": "biomesoplenty:plant_0",
                "properties": {
                    "variant": "sprout"
                }
            },
            "generationAttempts": 32,
            "amountPerChunk": 0.2,
            "enable": true
        }
    }
}