{
    "images":
    {
        "title":
        {
            "image" : "mainmenu:kappar-crew.png",
            "posX" : -240,
            "posY" : -50,
            "width" : 450,
            "height" : 200,
            "alignment" : "top_center"
        }
    },
    
    "buttons":
    {
        "singleplayer":
        {
            "text" : "menu.singleplayer",
            "posX" : -230,
            "posY" : -80,
            "width" : 100,
            "height" : 20,
            "alignment" : "bottom_center",
            "texture" : "mainmenu:buttons.png",
            "action" : 
            {
                "type" : "openGui",
                "gui" : "singleplayer"
            }
        },
        
        "multiplayer":
        {
            "text" : "menu.multiplayer",
            "posX" : -110,
            "posY" : -80,
            "width" : 100,
            "height" : 20,
            "alignment" : "bottom_center",
            "texture" : "mainmenu:buttons.png",
            "action" : 
            {
                "type" : "openGui",
                "gui" : "multiplayer"
            }
        },
            
        "options":
        {
            "text" : "menu.options",
            "posX" : 10,
            "posY" : -80,
            "width" : 100,
            "height" : 20,
            "alignment" : "bottom_center",
            "texture" : "mainmenu:buttons.png",
            "action" : 
            {
                "type" : "openGui",
                "gui" : "options"
            }
        },
        
        "quit":
        {
            "text" : "menu.quit",
            "posX" : 130,
            "posY" : -80,
            "width" : 100,
            "height" : 20,
            "alignment" : "bottom_center",
            "texture" : "mainmenu:buttons.png",
            "action" : 
            {
                "type" : "quit"
            }
        },
        
        "refresh":
        {
            "text" : "",
            "posX" : -20,
            "posY" : 0,
            "width" : 20,
            "height" : 20,
            "texture" : "mainmenu:button.png",
            "alignment" : "top_right",
            "action" : 
            {
                "type" : "refresh"
            }
        },

        "purp":
        {
            "text" : "",
            "posX" : 82,
            "posY" : 39,
            "width" : 26,
            "height" : 44,
            "alignment" : "top_center",
            "texture" : "mainmenu:button.png",
            "action" : 
            {
                "type": "openLink",
				"link": "https://www.youtube.com/channel/UC9eHw-QPfVe2_iutryeDilw"

            }
        },
    
        "queen":
        {
            "text" : "",
            "posX" : 48,
            "posY" : 38,
            "width" : 35,
            "height" : 46,
            "alignment" : "top_center",
            "texture" : "mainmenu:button.png",
            "action" : 
            {
                "type": "openLink",
				"link": "https://www.twitch.tv/sexypepsilol"

            }
        },

        "funda":
        {
            "text" : "",
            "posX" : -40,
            "posY" : 7,
            "width" : 52,
            "height" : 29,
            "alignment" : "top_center",
            "texture" : "mainmenu:button.png",
            "action" : 
            {
                "type" : "openLink",
                "link" : "https://www.youtube.com/channel/UCUE_SWrVkuOEwhP_Fz7--dg"
            }
        },

        "lash":
        {
            "text" : "",
            "posX" : -109,
            "posY" : 39,
            "width" : 30,
            "height" : 44,
            "alignment" : "top_center",
            "texture" : "mainmenu:button.png",
            "action" : 
            {
                "type": "openLink",
				"link": "https://www.youtube.com/channel/UCE7HSqVe0-fTumbJJn3S5hg"

            }
        },

        "three":
        {
            "text" : "",
            "posX" : -152,
            "posY" : 30,
            "width" : 28,
            "height" : 40,
            "alignment" : "top_center",
            "texture" : "mainmenu:button.png",
            "action" : 
            {
                "type": "openLink",
				"link": "https://www.youtube.com/channel/UCpWEeICUoxrhkjTID4j7-tw"

            }
        }
    },
    
    "labels":
    {
        "mojang":
        {
            "text" : "Copyright Mojang AB. Do not distribute!",
            "hoverText" : "�nCopyright Mojang AB. Do not distribute!",
            "posX" : -197,
            "posY" : -20,
            "color" : -1,
            "alignment" : "bottom_right",
            "action" : 
            {
                "type" : "openGui",
                "gui" : "credits"
            }
        },

        "purplik":
        {
            "text" : "Main menu made by Purplik for KAPPAR Pack!",
            "posX" : -221,
            "posY" : -10,
            "color" : -1,
            "alignment" : "bottom_right",
            "action": {

				"type": "openLink",
				"link": "https://www.youtube.com/channel/UC9eHw-QPfVe2_iutryeDilw"

			}
        },
        
        "fml":
        {
            "text" : "",
            "posX" : 2,
            "posY" : -45,
            "color" : -1,
            "alignment" : "bottom_left"
        }
    },
    
    "other":
    {        
        "background": {
			"image": "",
			"slideshow": {
				"images": [
					"mainmenu:background1.png",
                    "mainmenu:background2.png",
                    "mainmenu:background3.png",
                    "mainmenu:background4.png",
                    "mainmenu:background5.png"
				],
				"displayDuration": 50,
				"fadeDuration": 30
			}
		}
    }
}
