{
    "populate": {
        "dirt": {
            "distribution": "uniform",
            "generator": {
                "block": "dirt",
                "material": "minecraft:stone",
                "cluster-size": 33
            },
            "cluster-count": 4,
            "min-height": 0,
            "max-height": 256,
            "retrogen": false,
            "biome": "all",
            "dimension": {
                "restriction": "blacklist",
                "value": [-1,
                    1
                ]
            }
        },
        "gravel": {
            "distribution": "uniform",
            "generator": {
                "block": "gravel",
                "material": "minecraft:stone",
                "cluster-size": 33
            },
            "cluster-count": 6,
            "min-height": 0,
            "max-height": 256,
            "retrogen": false,
            "biome": "all",
            "dimension": {
                "restriction": "blacklist",
                "value": [-1,
                    1
                ]
            }
        },
        "diorite": {
            "distribution": "uniform",
            "generator": {
                "block": {
                    "name": "stone",
                    "properties": {
                        "variant": "diorite"
                    }
                },
                "material": "minecraft:stone",
                "cluster-size": 33
            },
            "cluster-count": 1,
            "min-height": 0,
            "max-height": 80,
            "retrogen": false,
            "biome": "all",
            "dimension": {
                "restriction": "blacklist",
                "value": [-1,
                    1
                ]
            }
        },
        "granite": {
            "distribution": "uniform",
            "generator": {
                "block": {
                    "name": "stone",
                    "properties": {
                        "variant": "granite"
                    }
                },
                "material": "minecraft:stone",
                "cluster-size": 33
            },
            "cluster-count": 1,
            "min-height": 0,
            "max-height": 80,
            "retrogen": false,
            "biome": "all",
            "dimension": {
                "restriction": "blacklist",
                "value": [-1,
                    1
                ]
            }
        },
        "andesite": {
            "distribution": "uniform",
            "generator": {
                "block": {
                    "name": "stone",
                    "properties": {
                        "variant": "andesite"
                    }
                },
                "material": "minecraft:stone",
                "cluster-size": 33
            },
            "cluster-count": 1,
            "min-height": 0,
            "max-height": 80,
            "retrogen": false,
            "biome": "all",
            "dimension": {
                "restriction": "blacklist",
                "value": [-1,
                    1
                ]
            }
        },
        "coal": {
            "distribution": "uniform",
            "generator": {
                "block": "coal_ore",
                "material": "minecraft:stone",
                "cluster-size": 18
            },
            "cluster-count": 14,
            "min-height": 18,
            "max-height": 128,
            "retrogen": false,
            "biome": "all",
            "dimension": {
                "restriction": "blacklist",
                "value": [-1,
                    1
                ]
            }
        },
        "iron": {
            "distribution": "uniform",
            "generator": {
                "block": "iron_ore",
                "material": "minecraft:stone",
                "cluster-size": 10
            },
            "cluster-count": 14,
            "min-height": 5,
            "max-height": 64,
            "retrogen": false,
            "biome": "all",
            "dimension": {
                "restriction": "blacklist",
                "value": [-1,
                    1
                ]
            }
        },
        "gold": {
            "distribution": "uniform",
            "generator": {
                "block": "gold_ore",
                "material": "minecraft:stone",
                "cluster-size": 7
            },
            "cluster-count": 13,
            "min-height": 12,
            "max-height": 32,
            "retrogen": false,
            "biome": "all",
            "dimension": {
                "restriction": "blacklist",
                "value": [-1,
                    1
                ]
            }
        },
        "redstone": {
            "distribution": "uniform",
            "generator": {
                "block": "redstone_ore",
                "material": "minecraft:stone",
                "cluster-size": 11
            },
            "cluster-count": 8,
            "min-height": 4,
            "max-height": 26,
            "retrogen": false,
            "biome": "all",
            "dimension": {
                "restriction": "blacklist",
                "value": [-1,
                    1
                ]
            }
        },
        "diamond": {
            "distribution": "uniform",
            "generator": {
                "block": "diamond_ore",
                "material": "minecraft:stone",
                "cluster-size": 7
            },
            "cluster-count": 5,
            "min-height": 3,
            "max-height": 16,
            "retrogen": false,
            "biome": "all",
            "dimension": {
                "restriction": "blacklist",
                "value": [-1,
                    1
                ]
            }
        },
        "lapis": {
            "distribution": "gaussian",
            "generator": {
                "block": "lapis_ore",
                "material": "minecraft:stone",
                "cluster-size": 7
            },
            "cluster-count": 5,
            "center-height": 20,
            "spread": 12,
            "retrogen": false,
            "biome": "all",
            "dimension": {
                "restriction": "blacklist",
                "value": [-1,
                    1
                ]
            }
        },
        "mesa_gold": {
            "enabled": false,
            "distribution": "uniform",
            "generator": {
                "block": {
                    "name": "gold_ore"
                },
                "material": "minecraft:stone",
                "cluster-size": 15
            },
            "cluster-count": 35,
            "min-height": 15,
            "max-height": 80,
            "retrogen": false,
            "biome": {
                "restriction": "whitelist",
                "value": [{
                    "type": "id",
                    "entry": [
                        "mesa",
                        "mesa_rock",
                        "mesa_clear_rock",
                        "mutated_mesa",
                        "mutated_mesa_rock",
                        "mutated_mesa_clear_rock"
                    ]
                }]
            },
            "dimension": {
                "restriction": "blacklist",
                "value": [-1,
                    1
                ]
            }
        },
        "emerald": {
            "distribution": "uniform",
            "generator": {
                "block": {
                    "name": "emerald_ore"
                },
                "material": "minecraft:stone",
                "cluster-size": 5
            },
            "cluster-count": {
                "min": 4,
                "max": 6
            },
            "min-height": 3,
            "max-height": 24,
            "retrogen": false,
            "biome": {
                "restriction": "whitelist",
                "value": [{
                    "type": "id",
                    "entry": [
                        "extreme_hills",
                        "smaller_extreme_hills",
                        "extreme_hills_with_trees",
                        "mutated_extreme_hills",
                        "mutated_extreme_hills_with_trees"
                    ]
                }]
            },
            "dimension": {
                "restriction": "blacklist",
                "value": [-1,
                    1
                ]
            }
        },
        "silverfish": {
            "distribution": "uniform",
            "generator": {
                "block": {
                    "name": "monster_egg",
                    "properties": {
                        "variant": "stone"
                    }
                },
                "material": "minecraft:stone",
                "cluster-size": 5
            },
            "cluster-count": 2,
            "min-height": 0,
            "max-height": 64,
            "retrogen": false,
            "biome": {
                "restriction": "whitelist",
                "value": [{
                    "type": "id",
                    "entry": [
                        "extreme_hills",
                        "smaller_extreme_hills",
                        "extreme_hills_with_trees",
                        "mutated_extreme_hills",
                        "mutated_extreme_hills_with_trees"
                    ]
                }]
            },
            "dimension": {
                "restriction": "blacklist",
                "value": [-1,
                    1
                ]
            }
        },
        "quartz": {
            "distribution": "uniform",
            "generator": {
                "block": "quartz_ore",
                "material": "minecraft:netherrack",
                "cluster-size": 22
            },
            "cluster-count": 14,
            "min-height": 10,
            "max-height": 118,
            "retrogen": false,
            "biome": {
                "restriction": "whitelist",
                "value": [{
                    "type": "dictionary",
                    "entry": "NETHER"
                }]
            },
            "dimension": "all"
        }
    }
}