{
    "canGenerateRivers": true,
    "beachBiomeLocation": "biomesoplenty:gravel_beach",
    "skyColor": -1,
    "fogDensity": 1.0,
    "hasBiomeEssence": true,
    "variationBelow": 8.0,
    "variationAbove": 25.0,
    "seaFloorBlock": {
        "block": "minecraft:dirt",
        "properties": {
            "snowy": "false",
            "variant": "dirt"
        }
    },
    "fillerBlock": {
        "block": "biomesoplenty:dirt",
        "properties": {
            "coarse": "false",
            "variant": "loamy"
        }
    },
    "averageHeight": 68.0,
    "topBlock": {
        "block": "biomesoplenty:grass",
        "properties": {
            "snowy": "false",
            "variant": "loamy"
        }
    },
    "fogColor": -1,
    "canGenerateVillages": false,
    "canSpawnInBiome": false,
    "generators": {
        "glowshrooms": {
            "with": {
                "block": "biomesoplenty:mushroom",
                "properties": {
                    "variant": "glowshroom"
                }
            },
            "generationAttempts": 64,
            "amountPerChunk": 0.7,
            "enable": true
        },
        "gravel": {
            "with": {
                "block": "minecraft:gravel",
                "properties": {}
            },
            "maxRadius": 7,
            "amountPerChunk": 4.0,
            "enable": true
        },
        "miners_delight": {
            "with": {
                "block": "biomesoplenty:flower_1",
                "properties": {
                    "variant": "miners_delight"
                }
            },
            "generationAttempts": 64,
            "amountPerChunk": 0.25,
            "enable": true
        },
        "thorns": {
            "with": {
                "block": "biomesoplenty:plant_1",
                "properties": {
                    "variant": "thorn"
                }
            },
            "generationAttempts": 32,
            "amountPerChunk": 0.3,
            "enable": true
        },
        "dead_leaf_piles": {
            "with": {
                "block": "biomesoplenty:plant_0",
                "properties": {
                    "variant": "deadleafpile"
                }
            },
            "generationAttempts": 64,
            "amountPerChunk": 3.5,
            "enable": true
        },
        "grass": {
            "amountPerChunk": 1.0,
            "enable": true,
            "generators": {}
        },
        "roots": {
            "with": {
                "block": "biomesoplenty:plant_1",
                "properties": {
                    "variant": "root"
                }
            },
            "generationAttempts": 32,
            "amountPerChunk": 4.0,
            "enable": true
        },
        "trees": {
            "amountPerChunk": 2.5,
            "enable": true,
            "generators": {}
        },
        "water_reeds": {
            "with": {
                "block": "biomesoplenty:plant_1",
                "properties": {
                    "variant": "reed"
                }
            },
            "generationAttempts": 32,
            "amountPerChunk": 0.8,
            "enable": true
        },
        "tanzanite": {
            "minHeight": 4,
            "with": {
                "block": "biomesoplenty:gem_ore",
                "properties": {
                    "variant": "tanzanite"
                }
            },
            "amountPerChunk": 12.0,
            "maxHeight": 32,
            "enable": true
        }
    },
    "weights": {
        "boreal": 3
    }
}