{
    "canGenerateRivers": true,
    "beachBiomeLocation": "minecraft:beaches",
    "skyColor": -1,
    "fogDensity": 1.0,
    "hasBiomeEssence": true,
    "variationBelow": 6.0,
    "variationAbove": 21.0,
    "seaFloorBlock": {
        "block": "minecraft:dirt",
        "properties": {
            "snowy": "false",
            "variant": "dirt"
        }
    },
    "fillerBlock": {
        "block": "biomesoplenty:dirt",
        "properties": {
            "coarse": "false",
            "variant": "silty"
        }
    },
    "averageHeight": 66.0,
    "topBlock": {
        "block": "biomesoplenty:grass",
        "properties": {
            "snowy": "false",
            "variant": "silty"
        }
    },
    "fogColor": -1,
    "canGenerateVillages": false,
    "canSpawnInBiome": true,
    "generators": {
        "glowshrooms": {
            "with": {
                "block": "biomesoplenty:mushroom",
                "properties": {
                    "variant": "glowshroom"
                }
            },
            "generationAttempts": 64,
            "amountPerChunk": 0.7,
            "enable": true
        },
        "leaf_piles": {
            "with": {
                "block": "biomesoplenty:plant_0",
                "properties": {
                    "variant": "leafpile"
                }
            },
            "generationAttempts": 32,
            "amountPerChunk": 0.1,
            "enable": true
        },
        "flowers": {
            "amountPerChunk": 0.3,
            "enable": true,
            "generators": {}
        },
        "miners_delight": {
            "with": {
                "block": "biomesoplenty:flower_1",
                "properties": {
                    "variant": "miners_delight"
                }
            },
            "generationAttempts": 64,
            "amountPerChunk": 0.25,
            "enable": true
        },
        "dead_leaf_piles": {
            "with": {
                "block": "biomesoplenty:plant_0",
                "properties": {
                    "variant": "deadleafpile"
                }
            },
            "generationAttempts": 32,
            "amountPerChunk": 0.4,
            "enable": true
        },
        "grass": {
            "amountPerChunk": 1.0,
            "enable": true,
            "generators": {}
        },
        "roots": {
            "with": {
                "block": "biomesoplenty:plant_1",
                "properties": {
                    "variant": "root"
                }
            },
            "generationAttempts": 32,
            "amountPerChunk": 4.0,
            "enable": true
        },
        "trees": {
            "amountPerChunk": 3.0,
            "enable": true,
            "generators": {}
        },
        "tanzanite": {
            "minHeight": 4,
            "with": {
                "block": "biomesoplenty:gem_ore",
                "properties": {
                    "variant": "tanzanite"
                }
            },
            "amountPerChunk": 12.0,
            "maxHeight": 32,
            "enable": true
        }
    },
    "weights": {
        "tundra": 7
    }
}