{
    "canGenerateRivers": false,
    "skyColor": -1,
    "fogDensity": 1.0,
    "hasBiomeEssence": true,
    "variationBelow": 30.0,
    "variationAbove": 60.0,
    "seaFloorBlock": {
        "block": "minecraft:dirt",
        "properties": {
            "snowy": "false",
            "variant": "dirt"
        }
    },
    "fillerBlock": {
        "block": "minecraft:dirt",
        "properties": {
            "snowy": "false",
            "variant": "dirt"
        }
    },
    "averageHeight": 140.0,
    "topBlock": {
        "block": "minecraft:grass",
        "properties": {
            "snowy": "false"
        }
    },
    "fogColor": -1,
    "canGenerateVillages": false,
    "canSpawnInBiome": false,
    "generators": {
        "glowshrooms": {
            "with": {
                "block": "biomesoplenty:mushroom",
                "properties": {
                    "variant": "glowshroom"
                }
            },
            "generationAttempts": 64,
            "amountPerChunk": 0.7,
            "enable": true
        },
        "gravel": {
            "with": {
                "block": "minecraft:gravel",
                "properties": {}
            },
            "maxRadius": 7,
            "amountPerChunk": 6.0,
            "enable": true
        },
        "leaf_piles": {
            "with": {
                "block": "biomesoplenty:plant_0",
                "properties": {
                    "variant": "leafpile"
                }
            },
            "generationAttempts": 32,
            "amountPerChunk": 0.8,
            "enable": true
        },
        "miners_delight": {
            "with": {
                "block": "biomesoplenty:flower_1",
                "properties": {
                    "variant": "miners_delight"
                }
            },
            "generationAttempts": 64,
            "amountPerChunk": 0.25,
            "enable": true
        },
        "dead_leaf_piles": {
            "with": {
                "block": "biomesoplenty:plant_0",
                "properties": {
                    "variant": "deadleafpile"
                }
            },
            "generationAttempts": 32,
            "amountPerChunk": 1.2,
            "enable": true
        },
        "emeralds": {
            "minHeight": 4,
            "with": {
                "block": "minecraft:emerald_ore",
                "properties": {}
            },
            "amountPerChunk": 12.0,
            "maxHeight": 32,
            "enable": true
        },
        "grass": {
            "amountPerChunk": 0.7,
            "enable": true,
            "generators": {}
        },
        "roots": {
            "with": {
                "block": "biomesoplenty:plant_1",
                "properties": {
                    "variant": "root"
                }
            },
            "generationAttempts": 32,
            "amountPerChunk": 4.0,
            "enable": true
        },
        "lakes": {
            "liquid": {
                "block": "minecraft:water",
                "properties": {
                    "level": "0"
                }
            },
            "amountPerChunk": 1.8,
            "enable": true,
            "frozenLiquid": {
                "block": "minecraft:ice",
                "properties": {}
            },
            "grassBorderWith": {
                "block": "minecraft:grass",
                "properties": {
                    "snowy": "false"
                }
            }
        },
        "trees": {
            "amountPerChunk": 3.0,
            "enable": true,
            "generators": {}
        }
    },
    "weights": {
        "dry_temperate": 3
    }
}