{
"dependencies": "advancedrocketry",
	"populate": {
		"rock_crystal": {
			"distribution": "uniform",
			"generator": {
				"block": { 					
					"name": "astralsorcery:blockcustomore", 					
					"metadata": 0			
				},
				"material": "minecraft:stone",
				"cluster-size": 14
			},
			"cluster-count": 7,
			"min-height": 1,
			"max-height": 12,
			"retrogen": "false",
			"biome": "all",
			"dimension": {
				"restriction": "whitelist",
				"value": [
					109,
					110,
					120
				]
			}
		},
		"starmetal": {
			"distribution": "uniform",
			"generator": {
				"block": { 					 					
					"name": "astralsorcery:blockcustomore", 					 					
					"metadata": 1				 				
				},
				"material": "minecraft:stone",
				"cluster-size": 7
			},
			"cluster-count": 13,
			"min-height": 35,
			"max-height": 55,
			"retrogen": "false",
			"biome": "all",
			"dimension": {
				"restriction": "whitelist",
				"value": [
					109,
					110,
					120
				]
			}
		},
		"dimensional_shard": {
			"distribution": "uniform",
			"generator": {
				"block": { 					 					
					"name": "rftools:dimensional_shard_ore", 					 					
					"metadata": 0				 				
				},
				"material": "minecraft:stone",
				"cluster-size": 5
			},
			"cluster-count": 9,
			"min-height": 17,
			"max-height": 32,
			"retrogen": "false",
			"biome": "all",
			"dimension": {
				"restriction": "whitelist",
				"value": [
					109,
					110,
					120
				]
			}
		},
		"prosperity": {
			"distribution": "uniform",
			"generator": {
				"block": { 					 					
					"name": "mysticalagriculture:prosperity_ore", 					 					
					"metadata": 0				 				
				},
				"material": "minecraft:stone",
				"cluster-size": 12
			},
			"cluster-count": 7,
			"min-height": 15,
			"max-height": 60,
			"retrogen": "false",
			"biome": "all",
			"dimension": {
				"restriction": "whitelist",
				"value": [
					109,
					110,
					120
				]
			}
		},
		"mana_infused": {
			"distribution": "uniform",
			"generator": {
				"block": { 					 					
					"name": "thermalfoundation:ore", 					 					
					"metadata": 8 				 				
				},
				"material": "minecraft:stone",
				"cluster-size": 9
			},
			"cluster-count": 9,
			"min-height": 10,
			"max-height": 30,
			"retrogen": "false",
			"biome": "all",
			"dimension": {
				"restriction": "whitelist",
				"value": [
					109,
					110,
					120
				]
			}
		},
		"clathrate_glowstone": {
			"distribution": "uniform",
			"generator": {
				"block": { 					 					
					"name": "thermalfoundation:ore_fluid", 					 					
					"metadata": 3			 				
				},
				"material": "minecraft:stone",
				"cluster-size": 18
			},
			"cluster-count": 9,
			"min-height": 18,
			"max-height": 45,
			"retrogen": "false",
			"biome": "all",
			"dimension": {
				"restriction": "whitelist",
				"value": [
					101,
					102,
					113,
					118,
					122
				]
			}
		},
		"draconium_nether": {
			"distribution": "uniform",
			"generator": {
				"block": { 					 					
					"name": "draconicevolution:draconium_ore", 					 					
					"metadata": 1 				 				
				},
				"material": "minecraft:stone",
				"cluster-size": 13
			},
			"cluster-count": 7,
			"min-height": 1,
			"max-height": 16,
			"retrogen": "false",
			"biome": "all",
			"dimension": {
				"restriction": "whitelist",
				"value": [
					101,
					102,
					113,
					118,
					122
				]
			}
		},
		"draconium_end": {
			"distribution": "uniform",
			"generator": {
				"block": { 					 					
					"name": "draconicevolution:draconium_ore", 					 					
					"metadata": 2 				 				
				},
				"material": "minecraft:stone",
				"cluster-size": 24
			},
			"cluster-count": 7,
			"min-height": 1,
			"max-height": 16,
			"retrogen": "false",
			"biome": "all",
			"dimension": {
				"restriction": "whitelist",
				"value": [
					103,
					115,
					119
				]
			}
		},
		"clathrate_resonant": {
			"distribution": "uniform",
			"generator": {
				"block": { 					 					
					"name": "thermalfoundation:ore_fluid", 					 					
					"metadata": 4 				 				
				},
				"material": "minecraft:stone",
				"cluster-size": 14
			},
			"cluster-count": 9,
			"min-height": 25,
			"max-height": 55,
			"retrogen": "false",
			"biome": "all",
			"dimension": {
				"restriction": "whitelist",
				"value": [
					103,
					115,
					119
				]
			}
		},
		"endstone": {
			"distribution": "uniform",
			"generator": {
				"block": { 					 					
					"name": "minecraft:end_stone", 					 					
					"metadata": 0 				 				
				},
				"material": "minecraft:stone",
				"cluster-size": 96
			},
			"cluster-count": 22,
			"min-height": 0,
			"max-height": 120,
			"retrogen": "false",
			"biome": "all",
			"dimension": {
				"restriction": "whitelist",
				"value": [
					103,
					115,
					119
				]
			}
		},
		"clathrate_redstone": {
			"distribution": "uniform",
			"generator": {
				"block": { 					 					
					"name": "thermalfoundation:ore_fluid", 					 					
					"metadata": 2 				 				
				},
				"material": "minecraft:stone",
				"cluster-size": 19
			},
			"cluster-count": 7,
			"min-height": 17,
			"max-height": 32,
			"retrogen": "false",
			"biome": "all",
			"dimension": {
				"restriction": "whitelist",
				"value": [
					106,
					111,
					112,
					114,
					121,
					123
				]
			}
		},
		"iridium": {
			"distribution": "uniform",
			"generator": {
				"block": { 					 					
					"name": "thermalfoundation:ore", 					 					
					"metadata": 7 				 				
				},
				"material": "minecraft:stone",
				"cluster-size": 7
			},
			"cluster-count": 10,
			"min-height": 15,
			"max-height": 35,
			"retrogen": "false",
			"biome": "all",
			"dimension": {
				"restriction": "whitelist",
				"value": [
					106,
					111,
					112,
					114,
					121,
					123
				]
			}
		},
		"rutile": {
			"distribution": "uniform",
			"generator": {
				"block": { 					 					
					"name": "libvulpes:ore0", 					 					
					"metadata": 8				 				
				},
				"material": "minecraft:stone",
				"cluster-size": 8
			},
			"cluster-count": 15,
			"min-height": 15,
			"max-height": 35,
			"retrogen": "false",
			"biome": "all",
			"dimension": {
				"restriction": "whitelist",
				"value": [
					106,
					111,
					112,
					114,
					121,
					123
				]
			}
		},
		"dilithium": {
			"distribution": "uniform",
			"generator": {
				"block": { 					 					
					"name": "libvulpes:ore0", 					 					
					"metadata": 0				 				
				},
				"material": "minecraft:stone",
				"cluster-size": 22
			},
			"cluster-count": 8,
			"min-height": 25,
			"max-height": 40,
			"retrogen": "false",
			"biome": "all",
			"dimension": {
				"restriction": "whitelist",
				"value": [
					100,
					105,
					108
				]
			}
		},
		"rutile_moon": {
			"distribution": "uniform",
			"generator": {
				"block": { 					 					
					"name": "libvulpes:ore0", 					 					
					"metadata": 8				 				
				},
				"material": "minecraft:stone",
				"cluster-size": 5
			},
			"cluster-count": 16,
			"min-height": 10,
			"max-height": 40,
			"retrogen": "false",
			"biome": "all",
			"dimension": {
				"restriction": "whitelist",
				"value": [
					100,
					105,
					108
				]
			}
		}
	}
}